time,V(1),V(2),I(V1),I(R1),I(C1)
0.000000e+00,0.000000e+00,0.000000e+00,0.000000e+00,0.000000e+00,0.000000e+00
1.000000e-05,6.279052e-02,3.123906e-04,-6.247813e-05,6.247813e-05,6.247813e-05
2.000000e-05,1.253332e-01,1.245221e-03,-1.240880e-04,1.240880e-04,1.865661e-04
3.000000e-05,1.873813e-01,2.788625e-03,-1.845927e-04,1.845927e-04,4.336370e-04
4.000000e-05,2.486899e-01,4.930386e-03,-2.437595e-04,2.437595e-04,8.014845e-04
5.000000e-05,3.090170e-01,7.655988e-03,-3.013610e-04,3.013610e-04,1.287438e-03
6.000000e-05,3.681246e-01,1.094867e-02,-3.571759e-04,3.571759e-04,1.888374e-03
7.000000e-05,4.257793e-01,1.478950e-02,-4.109898e-04,4.109898e-04,2.600724e-03
8.000000e-05,4.817537e-01,1.915743e-02,-4.625962e-04,4.625962e-04,3.420496e-03
9.000000e-05,5.358268e-01,2.402940e-02,-5.117974e-04,5.117974e-04,4.343284e-03
1.000000e-04,5.877853e-01,2.938041e-02,-5.584048e-04,5.584048e-04,5.364285e-03
1.100000e-04,6.374240e-01,3.518364e-02,-6.022404e-04,6.022404e-04,6.478322e-03
1.200000e-04,6.845471e-01,4.141052e-02,-6.431366e-04,6.431366e-04,7.679864e-03
1.300000e-04,7.289686e-01,4.803089e-02,-6.809377e-04,6.809377e-04,8.963042e-03
1.400000e-04,7.705132e-01,5.501308e-02,-7.155002e-04,7.155002e-04,1.032168e-02
1.500000e-04,8.090170e-01,6.232405e-02,-7.466929e-04,7.466929e-04,1.174931e-02
1.600000e-04,8.443279e-01,6.992950e-02,-7.743984e-04,7.743984e-04,1.323921e-02
1.700000e-04,8.763067e-01,7.779406e-02,-7.985126e-04,7.985126e-04,1.478441e-02
1.800000e-04,9.048271e-01,8.588135e-02,-8.189457e-04,8.189457e-04,1.637776e-02
1.900000e-04,9.297765e-01,9.415419e-02,-8.356223e-04,8.356223e-04,1.801189e-02
2.000000e-04,9.510565e-01,1.025747e-01,-8.484818e-04,8.484818e-04,1.967932e-02
2.100000e-04,9.685832e-01,1.111045e-01,-8.574786e-04,8.574786e-04,2.137242e-02
2.200000e-04,9.822873e-01,1.197048e-01,-8.625824e-04,8.625824e-04,2.308349e-02
2.300000e-04,9.921147e-01,1.283366e-01,-8.637781e-04,8.637781e-04,2.480474e-02
2.400000e-04,9.980267e-01,1.369608e-01,-8.610659e-04,8.610659e-04,2.652839e-02
2.500000e-04,1.000000e+00,1.455385e-01,-8.544615e-04,8.544615e-04,2.824663e-02
2.600000e-04,9.980267e-01,1.540308e-01,-8.439960e-04,8.439960e-04,2.995169e-02
2.700000e-04,9.921147e-01,1.623993e-01,-8.297154e-04,8.297154e-04,3.163587e-02
2.800000e-04,9.822873e-01,1.706063e-01,-8.116809e-04,8.116809e-04,3.329155e-02
2.900000e-04,9.685832e-01,1.786146e-01,-7.899686e-04,7.899686e-04,3.491123e-02
3.000000e-04,9.510565e-01,1.863877e-01,-7.646688e-04,7.646688e-04,3.648758e-02
3.100000e-04,9.297765e-01,1.938905e-01,-7.358860e-04,7.358860e-04,3.801343e-02
3.200000e-04,9.048271e-01,2.010886e-01,-7.037384e-04,7.037384e-04,3.948184e-02
3.300000e-04,8.763067e-01,2.079491e-01,-6.683576e-04,6.683576e-04,4.088608e-02
3.400000e-04,8.443279e-01,2.144403e-01,-6.298876e-04,6.298876e-04,4.221971e-02
3.500000e-04,8.090170e-01,2.205322e-01,-5.884848e-04,5.884848e-04,4.347655e-02
3.600000e-04,7.705132e-01,2.261962e-01,-5.443170e-04,5.443170e-04,4.465076e-02
3.700000e-04,7.289686e-01,2.314056e-01,-4.975630e-04,4.975630e-04,4.573681e-02
3.800000e-04,6.845471e-01,2.361355e-01,-4.484116e-04,4.484116e-04,4.672953e-02
3.900000e-04,6.374240e-01,2.403628e-01,-3.970611e-04,3.970611e-04,4.762416e-02
4.000000e-04,5.877853e-01,2.440667e-01,-3.437185e-04,3.437185e-04,4.841629e-02
4.100000e-04,5.358268e-01,2.472283e-01,-2.885985e-04,2.885985e-04,4.910195e-02
4.200000e-04,4.817537e-01,2.498309e-01,-2.319227e-04,2.319227e-04,4.967759e-02
4.300000e-04,4.257793e-01,2.518601e-01,-1.739191e-04,1.739191e-04,5.014011e-02
4.400000e-04,3.681246e-01,2.533038e-01,-1.148207e-04,1.148207e-04,5.048685e-02
4.500000e-04,3.090170e-01,2.541523e-01,-5.486472e-05,5.486472e-05,5.071563e-02
4.600000e-04,2.486899e-01,2.543981e-01,5.708170e-06,-5.708170e-06,5.082475e-02
4.700000e-04,1.873813e-01,2.540362e-01,6.665493e-05,-6.665493e-05,5.081296e-02
4.800000e-04,1.253332e-01,2.530643e-01,1.277311e-04,-1.277311e-04,5.067952e-02
4.900000e-04,6.279052e-02,2.514822e-01,1.886917e-04,-1.886917e-04,5.042417e-02
5.000000e-04,1.249001e-16,2.492923e-01,2.492923e-04,-2.492923e-04,5.004715e-02
5.100000e-04,-6.279052e-02,2.464994e-01,3.092899e-04,-3.092899e-04,4.954917e-02
5.200000e-04,-1.253332e-01,2.431107e-01,3.684439e-04,-3.684439e-04,4.893143e-02
5.300000e-04,-1.873813e-01,2.391359e-01,4.265172e-04,-4.265172e-04,4.819562e-02
5.400000e-04,-2.486899e-01,2.345869e-01,4.832768e-04,-4.832768e-04,4.734390e-02
5.500000e-04,-3.090170e-01,2.294781e-01,5.384951e-04,-5.384951e-04,4.637889e-02
5.600000e-04,-3.681246e-01,2.238258e-01,5.919504e-04,-5.919504e-04,4.530366e-02
5.700000e-04,-4.257793e-01,2.176489e-01,6.434282e-04,-6.434282e-04,4.412174e-02
5.800000e-04,-4.817537e-01,2.109682e-01,6.927219e-04,-6.927219e-04,4.283707e-02
5.900000e-04,-5.358268e-01,2.038064e-01,7.396332e-04,-7.396332e-04,4.145401e-02
6.000000e-04,-5.877853e-01,1.961884e-01,7.839736e-04,-7.839736e-04,3.997731e-02
6.100000e-04,-6.374240e-01,1.881407e-01,8.255647e-04,-8.255647e-04,3.841211e-02
6.200000e-04,-6.845471e-01,1.796917e-01,8.642388e-04,-8.642388e-04,3.676390e-02
6.300000e-04,-7.289686e-01,1.708713e-01,8.998399e-04,-8.998399e-04,3.503849e-02
6.400000e-04,-7.705132e-01,1.617110e-01,9.322242e-04,-9.322242e-04,3.324203e-02
6.500000e-04,-8.090170e-01,1.522435e-01,9.612605e-04,-9.612605e-04,3.138093e-02
6.600000e-04,-8.443279e-01,1.425031e-01,9.868310e-04,-9.868310e-04,2.946188e-02
6.700000e-04,-8.763067e-01,1.325248e-01,1.008831e-03,-1.008831e-03,2.749178e-02
6.800000e-04,-9.048271e-01,1.223447e-01,1.027172e-03,-1.027172e-03,2.547778e-02
6.900000e-04,-9.297765e-01,1.120000e-01,1.041776e-03,-1.041776e-03,2.342717e-02
7.000000e-04,-9.510565e-01,1.015282e-01,1.052585e-03,-1.052585e-03,2.134742e-02
7.100000e-04,-9.685832e-01,9.096752e-02,1.059551e-03,-1.059551e-03,1.924609e-02
7.200000e-04,-9.822873e-01,8.035655e-02,1.062644e-03,-1.062644e-03,1.713086e-02
7.300000e-04,-9.921147e-01,6.973409e-02,1.061849e-03,-1.061849e-03,1.500946e-02
7.400000e-04,-9.980267e-01,5.913902e-02,1.057166e-03,-1.057166e-03,1.288965e-02
7.500000e-04,-1.000000e+00,4.861014e-02,1.048610e-03,-1.048610e-03,1.077919e-02
7.600000e-04,-9.980267e-01,3.818602e-02,1.036213e-03,-1.036213e-03,8.685815e-03
7.700000e-04,-9.921147e-01,2.790486e-02,1.020020e-03,-1.020020e-03,6.617185e-03
7.800000e-04,-9.822873e-01,1.780431e-02,1.000092e-03,-1.000092e-03,4.580881e-03
7.900000e-04,-9.685832e-01,7.921326e-03,9.765045e-04,-9.765045e-04,2.584357e-03
8.000000e-04,-9.510565e-01,-1.707940e-03,9.493486e-04,-9.493486e-04,6.349165e-04
8.100000e-04,-9.297765e-01,-1.104832e-02,9.187282e-04,-9.187282e-04,-1.260316e-03
8.200000e-04,-9.048271e-01,-2.006577e-02,8.847613e-04,-8.847613e-04,-3.094426e-03
8.300000e-04,-8.763067e-01,-2.872747e-02,8.475792e-04,-8.475792e-04,-4.860733e-03
8.400000e-04,-8.443279e-01,-3.700200e-02,8.073259e-04,-8.073259e-04,-6.552821e-03
8.500000e-04,-8.090170e-01,-4.485942e-02,7.641576e-04,-7.641576e-04,-8.164557e-03
8.600000e-04,-7.705132e-01,-5.227141e-02,7.182418e-04,-7.182418e-04,-9.690125e-03
8.700000e-04,-7.289686e-01,-5.921141e-02,6.697572e-04,-6.697572e-04,-1.112404e-02
8.800000e-04,-6.845471e-01,-6.565466e-02,6.188924e-04,-6.188924e-04,-1.246117e-02
8.900000e-04,-6.374240e-01,-7.157835e-02,5.658456e-04,-5.658456e-04,-1.369678e-02
9.000000e-04,-5.877853e-01,-7.696169e-02,5.108236e-04,-5.108236e-04,-1.482649e-02
9.100000e-04,-5.358268e-01,-8.178602e-02,4.540408e-04,-4.540408e-04,-1.584638e-02
9.200000e-04,-4.817537e-01,-8.603481e-02,3.957189e-04,-3.957189e-04,-1.675292e-02
9.300000e-04,-4.257793e-01,-8.969383e-02,3.360855e-04,-3.360855e-04,-1.754305e-02
9.400000e-04,-3.681246e-01,-9.275113e-02,2.753734e-04,-2.753734e-04,-1.821414e-02
9.500000e-04,-3.090170e-01,-9.519710e-02,2.138199e-04,-2.138199e-04,-1.876405e-02
9.600000e-04,-2.486899e-01,-9.702452e-02,1.516654e-04,-1.516654e-04,-1.919108e-02
9.700000e-04,-1.873813e-01,-9.822861e-02,8.915270e-05,-8.915270e-05,-1.949406e-02
9.800000e-04,-1.253332e-01,-9.880701e-02,2.652623e-05,-2.652623e-05,-1.967225e-02
9.900000e-04,-6.279052e-02,-9.875979e-02,-3.596927e-05,3.596927e-05,-1.972543e-02
1.000000e-03,-2.498002e-16,-9.808950e-02,-9.808950e-05,9.808950e-05,-1.965387e-02
1.010000e-03,6.279052e-02,-9.680109e-02,-1.595916e-04,1.595916e-04,-1.945831e-02
1.020000e-03,1.253332e-01,-9.490196e-02,-2.202352e-04,2.202352e-04,-1.913998e-02
1.030000e-03,1.873813e-01,-9.240187e-02,-2.797832e-04,2.797832e-04,-1.870061e-02
1.040000e-03,2.486899e-01,-8.931294e-02,-3.380028e-04,3.380028e-04,-1.814237e-02
1.050000e-03,3.090170e-01,-8.564959e-02,-3.946666e-04,3.946666e-04,-1.746792e-02
1.060000e-03,3.681246e-01,-8.142849e-02,-4.495530e-04,4.495530e-04,-1.668036e-02
1.070000e-03,4.257793e-01,-7.666849e-02,-5.024478e-04,5.024478e-04,-1.578325e-02
1.080000e-03,4.817537e-01,-7.139053e-02,-5.531442e-04,5.531442e-04,-1.478055e-02
1.090000e-03,5.358268e-01,-6.561758e-02,-6.014444e-04,6.014444e-04,-1.367666e-02
1.100000e-03,5.877853e-01,-5.937456e-02,-6.471598e-04,6.471598e-04,-1.247636e-02
1.110000e-03,6.374240e-01,-5.268820e-02,-6.901122e-04,6.901122e-04,-1.118480e-02
1.120000e-03,6.845471e-01,-4.558697e-02,-7.301341e-04,7.301341e-04,-9.807507e-03
1.130000e-03,7.289686e-01,-3.810095e-02,-7.670696e-04,7.670696e-04,-8.350325e-03
1.140000e-03,7.705132e-01,-3.026173e-02,-8.007750e-04,8.007750e-04,-6.819416e-03
1.150000e-03,8.090170e-01,-2.210226e-02,-8.311193e-04,8.311193e-04,-5.221227e-03
1.160000e-03,8.443279e-01,-1.365674e-02,-8.579847e-04,8.579847e-04,-3.562467e-03
1.170000e-03,8.763067e-01,-4.960481e-03,-8.812672e-04,8.812672e-04,-1.850081e-03
1.180000e-03,9.048271e-01,3.950239e-03,-9.008768e-04,9.008768e-04,-9.121942e-05
1.190000e-03,9.297765e-01,1.303831e-02,-9.167382e-04,9.167382e-04,1.706786e-03
1.200000e-03,9.510565e-01,2.226596e-02,-9.287906e-04,9.287906e-04,3.536453e-03
1.210000e-03,9.685832e-01,3.159485e-02,-9.369883e-04,9.369883e-04,5.390180e-03
1.220000e-03,9.822873e-01,4.098630e-02,-9.413010e-04,9.413010e-04,7.260271e-03
1.230000e-03,9.921147e-01,5.040137e-02,-9.417133e-04,9.417133e-04,9.138973e-03
1.240000e-03,9.980267e-01,5.980106e-02,-9.382257e-04,9.382257e-04,1.101850e-02
1.250000e-03,1.000000e+00,6.914646e-02,-9.308535e-04,9.308535e-04,1.289107e-02
1.260000e-03,9.980267e-01,7.839887e-02,-9.196279e-04,9.196279e-04,1.474892e-02
1.270000e-03,9.921147e-01,8.751998e-02,-9.045947e-04,9.045947e-04,1.658437e-02
1.280000e-03,9.822873e-01,9.647203e-02,-8.858152e-04,8.858152e-04,1.838981e-02
1.290000e-03,9.685832e-01,1.052179e-01,-8.633652e-04,8.633652e-04,2.015777e-02
1.300000e-03,9.510565e-01,1.137214e-01,-8.373351e-04,8.373351e-04,2.188092e-02
1.310000e-03,9.297765e-01,1.219473e-01,-8.078292e-04,8.078292e-04,2.355212e-02
1.320000e-03,9.048271e-01,1.298612e-01,-7.749658e-04,7.749658e-04,2.516442e-02
1.330000e-03,8.763067e-01,1.374304e-01,-7.388762e-04,7.388762e-04,2.671112e-02
1.340000e-03,8.443279e-01,1.446233e-01,-6.997046e-04,6.997046e-04,2.818579e-02
1.350000e-03,8.090170e-01,1.514099e-01,-6.576071e-04,6.576071e-04,2.958228e-02
1.360000e-03,7.705132e-01,1.577617e-01,-6.127515e-04,6.127515e-04,3.089473e-02
1.370000e-03,7.289686e-01,1.636520e-01,-5.653166e-04,5.653166e-04,3.211766e-02
1.380000e-03,6.845471e-01,1.690561e-01,-5.154910e-04,5.154910e-04,3.324590e-02
1.390000e-03,6.374240e-01,1.739509e-01,-4.634731e-04,4.634731e-04,3.427469e-02
1.400000e-03,5.877853e-01,1.783156e-01,-4.094696e-04,4.094696e-04,3.519965e-02
1.410000e-03,5.358268e-01,1.821314e-01,-3.536954e-04,3.536954e-04,3.601682e-02
1.420000e-03,4.817537e-01,1.853818e-01,-2.963719e-04,2.963719e-04,3.672266e-02
1.430000e-03,4.257793e-01,1.880523e-01,-2.377270e-04,2.377270e-04,3.731408e-02
1.440000e-03,3.681246e-01,1.901309e-01,-1.779937e-04,1.779937e-04,3.778845e-02
1.450000e-03,3.090170e-01,1.916079e-01,-1.174091e-04,1.174091e-04,3.814358e-02
1.460000e-03,2.486899e-01,1.924760e-01,-5.621389e-05,5.621389e-05,3.837779e-02
1.470000e-03,1.873813e-01,1.927303e-01,5.349008e-06,-5.349008e-06,3.848985e-02
1.480000e-03,1.253332e-01,1.923684e-01,6.703517e-05,-6.703517e-05,3.847903e-02
1.490000e-03,6.279052e-02,1.913902e-01,1.285997e-04,-1.285997e-04,3.834508e-02
1.500000e-03,3.608225e-16,1.897982e-01,1.897982e-04,-1.897982e-04,3.808825e-02
1.510000e-03,-6.279052e-02,1.875973e-01,2.503878e-04,-2.503878e-04,3.770926e-02
1.520000e-03,-1.253332e-01,1.847947e-01,3.101280e-04,-3.101280e-04,3.720933e-02
1.530000e-03,-1.873813e-01,1.814002e-01,3.687815e-04,-3.687815e-04,3.659016e-02
1.540000e-03,-2.486899e-01,1.774257e-01,4.261156e-04,-4.261156e-04,3.585392e-02
1.550000e-03,-3.090170e-01,1.728856e-01,4.819026e-04,-4.819026e-04,3.500324e-02
1.560000e-03,-3.681246e-01,1.677965e-01,5.359210e-04,-5.359210e-04,3.404120e-02
1.570000e-03,-4.257793e-01,1.621771e-01,5.879564e-04,-5.879564e-04,3.297134e-02
1.580000e-03,-4.817537e-01,1.560483e-01,6.378020e-04,-6.378020e-04,3.179762e-02
1.590000e-03,-5.358268e-01,1.494330e-01,6.852598e-04,-6.852598e-04,3.052440e-02
1.600000e-03,-5.877853e-01,1.423560e-01,7.301412e-04,-7.301412e-04,2.915646e-02
1.610000e-03,-6.374240e-01,1.348439e-01,7.722679e-04,-7.722679e-04,2.769893e-02
1.620000e-03,-6.845471e-01,1.269252e-01,8.114724e-04,-8.114724e-04,2.615732e-02
1.630000e-03,-7.289686e-01,1.186299e-01,8.475985e-04,-8.475985e-04,2.453745e-02
1.640000e-03,-7.705132e-01,1.099894e-01,8.805026e-04,-8.805026e-04,2.284548e-02
1.650000e-03,-8.090170e-01,1.010366e-01,9.100536e-04,-9.100536e-04,2.108782e-02
1.660000e-03,-8.443279e-01,9.180567e-02,9.361336e-04,-9.361336e-04,1.927119e-02
1.670000e-03,-8.763067e-01,8.233181e-02,9.586385e-04,-9.586385e-04,1.740250e-02
1.680000e-03,-9.048271e-01,7.265122e-02,9.774783e-04,-9.774783e-04,1.548888e-02
1.690000e-03,-9.297765e-01,6.280095e-02,9.925774e-04,-9.925774e-04,1.353767e-02
1.700000e-03,-9.510565e-01,5.281868e-02,1.003875e-03,-1.003875e-03,1.155631e-02
1.710000e-03,-9.685832e-01,4.274268e-02,1.011326e-03,-1.011326e-03,9.552411e-03
1.720000e-03,-9.822873e-01,3.261155e-02,1.014899e-03,-1.014899e-03,7.533637e-03
1.730000e-03,-9.921147e-01,2.246417e-02,1.014579e-03,-1.014579e-03,5.507732e-03
1.740000e-03,-9.980267e-01,1.233944e-02,1.010366e-03,-1.010366e-03,3.482467e-03
1.750000e-03,-1.000000e+00,2.276229e-03,1.002276e-03,-1.002276e-03,1.465612e-03
1.760000e-03,-9.980267e-01,-7.686852e-03,9.903399e-04,-9.903399e-04,-5.350941e-04
1.770000e-03,-9.921147e-01,-1.751157e-02,9.746031e-04,-9.746031e-04,-2.511973e-03
1.780000e-03,-9.822873e-01,-2.716022e-02,9.551270e-04,-9.551270e-04,-4.457440e-03
1.790000e-03,-9.685832e-01,-3.659579e-02,9.319874e-04,-9.319874e-04,-6.364031e-03
1.800000e-03,-9.510565e-01,-4.578210e-02,9.052744e-04,-9.052744e-04,-8.224432e-03
1.810000e-03,-9.297765e-01,-5.468393e-02,8.750926e-04,-8.750926e-04,-1.003151e-02
1.820000e-03,-9.048271e-01,-6.326720e-02,8.415599e-04,-8.415599e-04,-1.177835e-02
1.830000e-03,-8.763067e-01,-7.149903e-02,8.048076e-04,-8.048076e-04,-1.345825e-02
1.840000e-03,-8.443279e-01,-7.934797e-02,7.649800e-04,-7.649800e-04,-1.506479e-02
1.850000e-03,-8.090170e-01,-8.678404e-02,7.222330e-04,-7.222330e-04,-1.659183e-02
1.860000e-03,-7.705132e-01,-9.377887e-02,6.767344e-04,-6.767344e-04,-1.803354e-02
1.870000e-03,-7.289686e-01,-1.003059e-01,6.286628e-04,-6.286628e-04,-1.938444e-02
1.880000e-03,-6.845471e-01,-1.063402e-01,5.782069e-04,-5.782069e-04,-2.063938e-02
1.890000e-03,-6.374240e-01,-1.118591e-01,5.255649e-04,-5.255649e-04,-2.179361e-02
1.900000e-03,-5.877853e-01,-1.168416e-01,4.709436e-04,-4.709436e-04,-2.284276e-02
1.910000e-03,-5.358268e-01,-1.212691e-01,4.145577e-04,-4.145577e-04,-2.378288e-02
1.920000e-03,-4.817537e-01,-1.251250e-01,3.566286e-04,-3.566286e-04,-2.461045e-02
1.930000e-03,-4.257793e-01,-1.283951e-01,2.973842e-04,-2.973842e-04,-2.532239e-02
1.940000e-03,-3.681246e-01,-1.310673e-01,2.370572e-04,-2.370572e-04,-2.591608e-02
1.950000e-03,-3.090170e-01,-1.331320e-01,1.758850e-04,-1.758850e-04,-2.638935e-02
1.960000e-03,-2.486899e-01,-1.345820e-01,1.141079e-04,-1.141079e-04,-2.674051e-02
1.970000e-03,-1.873813e-01,-1.354124e-01,5.196894e-05,-5.196894e-05,-2.696837e-02
1.980000e-03,-1.253332e-01,-1.356208e-01,-1.028755e-05,1.028755e-05,-2.707219e-02
1.990000e-03,-6.279052e-02,-1.352073e-01,-7.241674e-05,7.241674e-05,-2.705174e-02
2.000000e-03,-4.857226e-16,-1.341743e-01,-1.341743e-04,1.341743e-04,-2.690728e-02
2.010000e-03,6.279052e-02,-1.325268e-01,-1.953174e-04,1.953174e-04,-2.663954e-02
2.020000e-03,1.253332e-01,-1.302722e-01,-2.556055e-04,2.556055e-04,-2.624976e-02
2.030000e-03,1.873813e-01,-1.274202e-01,-3.148015e-04,3.148015e-04,-2.573965e-02
2.040000e-03,2.486899e-01,-1.239828e-01,-3.726727e-04,3.726727e-04,-2.511137e-02
2.050000e-03,3.090170e-01,-1.199745e-01,-4.289915e-04,4.289915e-04,-2.436757e-02
2.060000e-03,3.681246e-01,-1.154119e-01,-4.835364e-04,4.835364e-04,-2.351137e-02
2.070000e-03,4.257793e-01,-1.103137e-01,-5.360930e-04,5.360930e-04,-2.254628e-02
2.080000e-03,4.817537e-01,-1.047010e-01,-5.864547e-04,5.864547e-04,-2.147629e-02
2.090000e-03,5.358268e-01,-9.859659e-02,-6.344234e-04,6.344234e-04,-2.030577e-02
2.100000e-03,5.877853e-01,-9.202542e-02,-6.798107e-04,6.798107e-04,-1.903951e-02
2.110000e-03,6.374240e-01,-8.501418e-02,-7.224382e-04,7.224382e-04,-1.768265e-02
2.120000e-03,6.845471e-01,-7.759129e-02,-7.621384e-04,7.621384e-04,-1.624070e-02
2.130000e-03,7.289686e-01,-6.978683e-02,-7.987555e-04,7.987555e-04,-1.471950e-02
2.140000e-03,7.705132e-01,-6.163232e-02,-8.321456e-04,8.321456e-04,-1.312522e-02
2.150000e-03,8.090170e-01,-5.316070e-02,-8.621777e-04,8.621777e-04,-1.146429e-02
2.160000e-03,8.443279e-01,-4.440615e-02,-8.887341e-04,8.887341e-04,-9.743407e-03
2.170000e-03,8.763067e-01,-3.540392e-02,-9.117106e-04,9.117106e-04,-7.969518e-03
2.180000e-03,9.048271e-01,-2.619028e-02,-9.310173e-04,9.310173e-04,-6.149767e-03
2.190000e-03,9.297765e-01,-1.680230e-02,-9.465788e-04,9.465788e-04,-4.291478e-03
2.200000e-03,9.510565e-01,-7.277736e-03,-9.583343e-04,9.583343e-04,-2.402126e-03
2.210000e-03,9.685832e-01,2.345125e-03,-9.662380e-04,9.662380e-04,-4.893092e-04
2.220000e-03,9.822873e-01,1.202761e-02,-9.702596e-04,9.702596e-04,1.439285e-03
2.230000e-03,9.921147e-01,2.173083e-02,-9.703839e-04,9.703839e-04,3.375907e-03
2.240000e-03,9.980267e-01,3.141580e-02,-9.666109e-04,9.666109e-04,5.312777e-03
2.250000e-03,1.000000e+00,4.104364e-02,-9.589564e-04,9.589564e-04,7.242117e-03
2.260000e-03,9.980267e-01,5.057568e-02,-9.474510e-04,9.474510e-04,9.156179e-03
2.270000e-03,9.921147e-01,5.997364e-02,-9.321411e-04,9.321411e-04,1.104728e-02
2.280000e-03,9.822873e-01,6.919978e-02,-9.130875e-04,9.130875e-04,1.290782e-02
2.290000e-03,9.685832e-01,7.821705e-02,-8.903661e-04,8.903661e-04,1.473032e-02
2.300000e-03,9.510565e-01,8.698922e-02,-8.640673e-04,8.640673e-04,1.650748e-02
2.310000e-03,9.297765e-01,9.548103e-02,-8.342955e-04,8.342955e-04,1.823214e-02
2.320000e-03,9.048271e-01,1.036584e-01,-8.011687e-04,8.011687e-04,1.989737e-02
2.330000e-03,8.763067e-01,1.114883e-01,-7.648184e-04,7.648184e-04,2.149649e-02
2.340000e-03,8.443279e-01,1.189393e-01,-7.253886e-04,7.253886e-04,2.302305e-02
2.350000e-03,8.090170e-01,1.259814e-01,-6.830356e-04,6.830356e-04,2.447090e-02
2.360000e-03,7.705132e-01,1.325863e-01,-6.379270e-04,6.379270e-04,2.583422e-02
2.370000e-03,7.289686e-01,1.387271e-01,-5.902415e-04,5.902415e-04,2.710749e-02
2.380000e-03,6.845471e-01,1.443791e-01,-5.401680e-04,5.401680e-04,2.828559e-02
2.390000e-03,6.374240e-01,1.495195e-01,-4.879045e-04,4.879045e-04,2.936373e-02
2.400000e-03,5.877853e-01,1.541273e-01,-4.336579e-04,4.336579e-04,3.033756e-02
2.410000e-03,5.358268e-01,1.581838e-01,-3.776430e-04,3.776430e-04,3.120311e-02
2.420000e-03,4.817537e-01,1.616724e-01,-3.200812e-04,3.200812e-04,3.195685e-02
2.430000e-03,4.257793e-01,1.645789e-01,-2.612004e-04,2.612004e-04,3.259569e-02
2.440000e-03,3.681246e-01,1.668910e-01,-2.012335e-04,2.012335e-04,3.311700e-02
2.450000e-03,3.090170e-01,1.685993e-01,-1.404177e-04,1.404177e-04,3.351862e-02
2.460000e-03,2.486899e-01,1.696963e-01,-7.899355e-05,7.899355e-05,3.379885e-02
2.470000e-03,1.873813e-01,1.701773e-01,-1.720399e-05,1.720399e-05,3.395647e-02
2.480000e-03,1.253332e-01,1.700398e-01,4.470658e-05,-4.470658e-05,3.399076e-02
2.490000e-03,6.279052e-02,1.692838e-01,1.064933e-04,-1.064933e-04,3.390147e-02
2.500000e-03,6.106227e-16,1.679118e-01,1.679118e-04,-1.679118e-04,3.368885e-02
2.510000e-03,-6.279052e-02,1.659286e-01,2.287192e-04,-2.287192e-04,3.335364e-02
2.520000e-03,-1.253332e-01,1.633417e-01,2.886749e-04,-2.886749e-04,3.289705e-02
2.530000e-03,-1.873813e-01,1.601606e-01,3.475419e-04,-3.475419e-04,3.232079e-02
2.540000e-03,-2.486899e-01,1.563974e-01,4.050873e-04,-4.050873e-04,3.162703e-02
2.550000e-03,-3.090170e-01,1.520666e-01,4.610836e-04,-4.610836e-04,3.081840e-02
2.560000e-03,-3.681246e-01,1.471846e-01,5.153092e-04,-5.153092e-04,2.989801e-02
2.570000e-03,-4.257793e-01,1.417703e-01,5.675496e-04,-5.675496e-04,2.886937e-02
2.580000e-03,-4.817537e-01,1.358446e-01,6.175983e-04,-6.175983e-04,2.773647e-02
2.590000e-03,-5.358268e-01,1.294303e-01,6.652571e-04,-6.652571e-04,2.650366e-02
2.600000e-03,-5.877853e-01,1.225523e-01,7.103376e-04,-7.103376e-04,2.517572e-02
2.610000e-03,-6.374240e-01,1.152373e-01,7.526613e-04,-7.526613e-04,2.375780e-02
2.620000e-03,-6.845471e-01,1.075137e-01,7.920608e-04,-7.920608e-04,2.225541e-02
2.630000e-03,-7.289686e-01,9.941152e-02,8.283801e-04,-8.283801e-04,2.067436e-02
2.640000e-03,-7.705132e-01,9.096224e-02,8.614755e-04,-8.614755e-04,1.902083e-02
2.650000e-03,-8.090170e-01,8.219878e-02,8.912158e-04,-8.912158e-04,1.730123e-02
2.660000e-03,-8.443279e-01,7.315529e-02,9.174832e-04,-9.174832e-04,1.552227e-02
2.670000e-03,-8.763067e-01,6.386701e-02,9.401737e-04,-9.401737e-04,1.369088e-02
2.680000e-03,-9.048271e-01,5.437015e-02,9.591972e-04,-9.591972e-04,1.181420e-02
2.690000e-03,-9.297765e-01,4.470177e-02,9.744783e-04,-9.744783e-04,9.899552e-03
2.700000e-03,-9.510565e-01,3.489960e-02,9.859561e-04,-9.859561e-04,7.954399e-03
2.710000e-03,-9.685832e-01,2.500190e-02,9.935851e-04,-9.935851e-04,5.986335e-03
2.720000e-03,-9.822873e-01,1.504730e-02,9.973345e-04,-9.973345e-04,4.003045e-03
2.730000e-03,-9.921147e-01,5.074678e-03,9.971894e-04,-9.971894e-04,2.012270e-03
2.740000e-03,-9.980267e-01,-4.877017e-03,9.931497e-04,-9.931497e-04,2.178591e-05
2.750000e-03,-1.000000e+00,-1.476892e-02,9.852311e-04,-9.852311e-04,-1.960635e-03
2.760000e-03,-9.980267e-01,-2.456240e-02,9.734643e-04,-9.734643e-04,-3.927249e-03
2.770000e-03,-9.921147e-01,-3.421920e-02,9.578955e-04,-9.578955e-04,-5.870375e-03
2.780000e-03,-9.822873e-01,-4.370160e-02,9.385856e-04,-9.385856e-04,-7.782425e-03
2.790000e-03,-9.685832e-01,-5.297258e-02,9.156106e-04,-9.156106e-04,-9.655931e-03
2.800000e-03,-9.510565e-01,-6.199594e-02,8.890606e-04,-8.890606e-04,-1.148358e-02
2.810000e-03,-9.297765e-01,-7.073644e-02,8.590400e-04,-8.590400e-04,-1.325823e-02
2.820000e-03,-9.048271e-01,-7.915998e-02,8.256671e-04,-8.256671e-04,-1.497296e-02
2.830000e-03,-8.763067e-01,-8.723368e-02,7.890730e-04,-7.890730e-04,-1.662107e-02
2.840000e-03,-8.443279e-01,-9.492605e-02,7.494019e-04,-7.494019e-04,-1.819614e-02
2.850000e-03,-8.090170e-01,-1.022071e-01,7.068099e-04,-7.068099e-04,-1.969202e-02
2.860000e-03,-7.705132e-01,-1.090485e-01,6.614648e-04,-6.614648e-04,-2.110289e-02
2.870000e-03,-7.289686e-01,-1.154235e-01,6.135451e-04,-6.135451e-04,-2.242324e-02
2.880000e-03,-6.845471e-01,-1.213075e-01,5.632396e-04,-5.632396e-04,-2.364795e-02
2.890000e-03,-6.374240e-01,-1.266774e-01,5.107466e-04,-5.107466e-04,-2.477224e-02
2.900000e-03,-5.877853e-01,-1.315125e-01,4.562728e-04,-4.562728e-04,-2.579175e-02
2.910000e-03,-5.358268e-01,-1.357940e-01,4.000328e-04,-4.000328e-04,-2.670253e-02
2.920000e-03,-4.817537e-01,-1.395054e-01,3.422483e-04,-3.422483e-04,-2.750105e-02
2.930000e-03,-4.257793e-01,-1.426324e-01,2.831469e-04,-2.831469e-04,-2.818423e-02
2.940000e-03,-3.681246e-01,-1.451629e-01,2.229616e-04,-2.229616e-04,-2.874944e-02
2.950000e-03,-3.090170e-01,-1.470874e-01,1.619296e-04,-1.619296e-04,-2.919452e-02
2.960000e-03,-2.486899e-01,-1.483985e-01,1.002914e-04,-1.002914e-04,-2.951777e-02
2.970000e-03,-1.873813e-01,-1.490914e-01,3.828991e-05,-3.828991e-05,-2.971799e-02
2.980000e-03,-1.253332e-01,-1.491637e-01,-2.383047e-05,2.383047e-05,-2.979445e-02
2.990000e-03,-6.279052e-02,-1.486154e-01,-8.582491e-05,8.582491e-05,-2.974692e-02
3.000000e-03,-7.355228e-16,-1.474491e-01,-1.474491e-04,1.474491e-04,-2.957564e-02
3.010000e-03,6.279052e-02,-1.456695e-01,-2.084600e-04,2.084600e-04,-2.928135e-02
3.020000e-03,1.253332e-01,-1.432841e-01,-2.686174e-04,2.686174e-04,-2.886528e-02
3.030000e-03,1.873813e-01,-1.403026e-01,-3.276839e-04,3.276839e-04,-2.832914e-02
3.040000e-03,2.486899e-01,-1.367371e-01,-3.854269e-04,3.854269e-04,-2.767510e-02
3.050000e-03,3.090170e-01,-1.326018e-01,-4.416188e-04,4.416188e-04,-2.690579e-02
3.060000e-03,3.681246e-01,-1.279135e-01,-4.960381e-04,4.960381e-04,-2.602433e-02
3.070000e-03,4.257793e-01,-1.226910e-01,-5.484703e-04,5.484703e-04,-2.503424e-02
3.080000e-03,4.817537e-01,-1.169551e-01,-5.987088e-04,5.987088e-04,-2.393949e-02
3.090000e-03,5.358268e-01,-1.107288e-01,-6.465556e-04,6.465556e-04,-2.274447e-02
3.100000e-03,5.877853e-01,-1.040369e-01,-6.918222e-04,6.918222e-04,-2.145394e-02
3.110000e-03,6.374240e-01,-9.690614e-02,-7.343301e-04,7.343301e-04,-2.007305e-02
3.120000e-03,6.845471e-01,-8.936493e-02,-7.739120e-04,7.739120e-04,-1.860732e-02
3.130000e-03,7.289686e-01,-8.144331e-02,-8.104119e-04,8.104119e-04,-1.706257e-02
3.140000e-03,7.705132e-01,-7.317282e-02,-8.436861e-04,8.436861e-04,-1.544498e-02
3.150000e-03,8.090170e-01,-6.458637e-02,-8.736034e-04,8.736034e-04,-1.376096e-02
3.160000e-03,8.443279e-01,-5.571812e-02,-9.000461e-04,9.000461e-04,-1.201723e-02
3.170000e-03,8.763067e-01,-4.660334e-02,-9.229100e-04,9.229100e-04,-1.022071e-02
3.180000e-03,9.048271e-01,-3.727827e-02,-9.421053e-04,9.421053e-04,-8.378564e-03
3.190000e-03,9.297765e-01,-2.777996e-02,-9.575564e-04,9.575564e-04,-6.498097e-03
3.200000e-03,9.510565e-01,-1.814616e-02,-9.692027e-04,9.692027e-04,-4.586789e-03
3.210000e-03,9.685832e-01,-8.415158e-03,-9.769983e-04,9.769983e-04,-2.652234e-03
3.220000e-03,9.822873e-01,1.374398e-03,-9.809129e-04,9.809129e-04,-7.021188e-04
3.230000e-03,9.921147e-01,1.118362e-02,-9.809311e-04,9.809311e-04,1.255811e-03
3.240000e-03,9.980267e-01,2.097354e-02,-9.770532e-04,9.770532e-04,3.213777e-03
3.250000e-03,1.000000e+00,3.070528e-02,-9.692947e-04,9.692947e-04,5.164002e-03
3.260000e-03,9.980267e-01,4.034018e-02,-9.576865e-04,9.576865e-04,7.098742e-03
3.270000e-03,9.921147e-01,4.983999e-02,-9.422747e-04,9.422747e-04,9.010312e-03
3.280000e-03,9.822873e-01,5.916697e-02,-9.231203e-04,9.231203e-04,1.089112e-02
3.290000e-03,9.685832e-01,6.828406e-02,-9.002991e-04,9.002991e-04,1.273369e-02
3.300000e-03,9.510565e-01,7.715507e-02,-8.739015e-04,8.739015e-04,1.453071e-02
3.310000e-03,9.297765e-01,8.574473e-02,-8.440318e-04,8.440318e-04,1.627504e-02
3.320000e-03,9.048271e-01,9.401893e-02,-8.108081e-04,8.108081e-04,1.795975e-02
3.330000e-03,8.763067e-01,1.019448e-01,-7.743619e-04,7.743619e-04,1.957815e-02
3.340000e-03,8.443279e-01,1.094908e-01,-7.348371e-04,7.348371e-04,2.112379e-02
3.350000e-03,8.090170e-01,1.166269e-01,-6.923901e-04,6.923901e-04,2.259055e-02
3.360000e-03,7.705132e-01,1.233248e-01,-6.471884e-04,6.471884e-04,2.397257e-02
3.370000e-03,7.289686e-01,1.295578e-01,-5.994108e-04,5.994108e-04,2.526437e-02
3.380000e-03,6.845471e-01,1.353011e-01,-5.492460e-04,5.492460e-04,2.646081e-02
3.390000e-03,6.374240e-01,1.405318e-01,-4.968922e-04,4.968922e-04,2.755711e-02
3.400000e-03,5.877853e-01,1.452290e-01,-4.425562e-04,4.425562e-04,2.854891e-02
3.410000e-03,5.358268e-01,1.493741e-01,-3.864527e-04,3.864527e-04,2.943226e-02
3.420000e-03,4.817537e-01,1.529503e-01,-3.288033e-04,3.288033e-04,3.020362e-02
3.430000e-03,4.257793e-01,1.559435e-01,-2.698358e-04,2.698358e-04,3.085990e-02
3.440000e-03,3.681246e-01,1.583416e-01,-2.097829e-04,2.097829e-04,3.139849e-02
3.450000e-03,3.090170e-01,1.601350e-01,-1.488820e-04,1.488820e-04,3.181721e-02
3.460000e-03,2.486899e-01,1.613162e-01,-8.737365e-05,8.737365e-05,3.211437e-02
3.470000e-03,1.873813e-01,1.618806e-01,-2.550071e-05,2.550071e-05,3.228875e-02
3.480000e-03,1.253332e-01,1.618256e-01,3.649242e-05,-3.649242e-05,3.233963e-02
3.490000e-03,6.279052e-02,1.611514e-01,9.836086e-05,-9.836086e-05,3.226677e-02
3.500000e-03,8.604228e-16,1.598603e-01,1.598603e-04,-1.598603e-04,3.207042e-02
3.510000e-03,-6.279052e-02,1.579572e-01,2.207478e-04,-2.207478e-04,3.175131e-02
3.520000e-03,-1.253332e-01,1.554496e-01,2.807828e-04,-2.807828e-04,3.131066e-02
3.530000e-03,-1.873813e-01,1.523470e-01,3.397283e-04,-3.397283e-04,3.075019e-02
3.540000e-03,-2.486899e-01,1.486616e-01,3.973515e-04,-3.973515e-04,3.007205e-02
3.550000e-03,-3.090170e-01,1.444077e-01,4.534247e-04,-4.534247e-04,2.927890e-02
3.560000e-03,-3.681246e-01,1.396020e-01,5.077265e-04,-5.077265e-04,2.837382e-02
3.570000e-03,-4.257793e-01,1.342631e-01,5.600424e-04,-5.600424e-04,2.736036e-02
3.580000e-03,-4.817537e-01,1.284121e-01,6.101658e-04,-6.101658e-04,2.624246e-02
3.590000e-03,-5.358268e-01,1.220718e-01,6.578986e-04,-6.578986e-04,2.502452e-02
3.600000e-03,-5.877853e-01,1.152670e-01,7.030523e-04,-7.030523e-04,2.371130e-02
3.610000e-03,-6.374240e-01,1.080245e-01,7.454485e-04,-7.454485e-04,2.230796e-02
3.620000e-03,-6.845471e-01,1.003727e-01,7.849198e-04,-7.849198e-04,2.081999e-02
3.630000e-03,-7.289686e-01,9.234153e-02,8.213102e-04,-8.213102e-04,1.925323e-02
3.640000e-03,-7.705132e-01,8.396260e-02,8.544758e-04,-8.544758e-04,1.761383e-02
3.650000e-03,-8.090170e-01,7.526880e-02,8.842858e-04,-8.842858e-04,1.590823e-02
3.660000e-03,-8.443279e-01,6.629426e-02,9.106222e-04,-9.106222e-04,1.414314e-02
3.670000e-03,-8.763067e-01,5.707424e-02,9.333809e-04,-9.333809e-04,1.232547e-02
3.680000e-03,-9.048271e-01,4.764498e-02,9.524720e-04,-9.524720e-04,1.046238e-02
3.690000e-03,-9.297765e-01,3.804352e-02,9.678200e-04,-9.678200e-04,8.561175e-03
3.700000e-03,-9.510565e-01,2.830759e-02,9.793641e-04,-9.793641e-04,6.629339e-03
3.710000e-03,-9.685832e-01,1.847548e-02,9.870586e-04,-9.870586e-04,4.674460e-03
3.720000e-03,-9.822873e-01,8.585823e-03,9.908731e-04,-9.908731e-04,2.704223e-03
3.730000e-03,-9.921147e-01,-1.322504e-03,9.907922e-04,-9.907922e-04,7.263723e-04
3.740000e-03,-9.980267e-01,-1.121055e-02,9.868162e-04,-9.868162e-04,-1.251317e-03
3.750000e-03,-1.000000e+00,-2.103943e-02,9.789606e-04,-9.789606e-04,-3.221070e-03
3.760000e-03,-9.980267e-01,-3.077051e-02,9.672562e-04,-9.672562e-04,-5.175142e-03
3.770000e-03,-9.921147e-01,-4.036554e-02,9.517492e-04,-9.517492e-04,-7.105852e-03
3.780000e-03,-9.822873e-01,-4.978679e-02,9.325005e-04,-9.325005e-04,-9.005609e-03
3.790000e-03,-9.685832e-01,-5.899722e-02,9.095859e-04,-9.095859e-04,-1.086694e-02
3.800000e-03,-9.510565e-01,-6.796063e-02,8.830959e-04,-8.830959e-04,-1.268254e-02
3.810000e-03,-9.297765e-01,-7.664178e-02,8.531347e-04,-8.531347e-04,-1.444526e-02
3.820000e-03,-9.048271e-01,-8.500656e-02,8.198205e-04,-8.198205e-04,-1.614818e-02
3.830000e-03,-8.763067e-01,-9.302208e-02,7.832846e-04,-7.832846e-04,-1.778460e-02
3.840000e-03,-8.443279e-01,-1.006569e-01,7.436711e-04,-7.436711e-04,-1.934809e-02
3.850000e-03,-8.090170e-01,-1.078809e-01,7.011361e-04,-7.011361e-04,-2.083251e-02
3.860000e-03,-7.705132e-01,-1.146658e-01,6.558474e-04,-6.558474e-04,-2.223203e-02
3.870000e-03,-7.289686e-01,-1.209850e-01,6.079837e-04,-6.079837e-04,-2.354115e-02
3.880000e-03,-6.845471e-01,-1.268136e-01,5.577335e-04,-5.577335e-04,-2.475473e-02
3.890000e-03,-6.374240e-01,-1.321287e-01,5.052953e-04,-5.052953e-04,-2.586801e-02
3.900000e-03,-5.877853e-01,-1.369096e-01,4.508757e-04,-4.508757e-04,-2.687662e-02
3.910000e-03,-5.358268e-01,-1.411374e-01,3.946894e-04,-3.946894e-04,-2.777660e-02
3.920000e-03,-4.817537e-01,-1.447956e-01,3.369581e-04,-3.369581e-04,-2.856443e-02
3.930000e-03,-4.257793e-01,-1.478700e-01,2.779093e-04,-2.779093e-04,-2.923703e-02
3.940000e-03,-3.681246e-01,-1.503484e-01,2.177762e-04,-2.177762e-04,-2.979177e-02
3.950000e-03,-3.090170e-01,-1.522212e-01,1.567958e-04,-1.567958e-04,-3.022647e-02
3.960000e-03,-2.486899e-01,-1.534813e-01,9.520862e-05,-9.520862e-05,-3.053946e-02
3.970000e-03,-1.873813e-01,-1.541236e-01,3.325772e-05,-3.325772e-05,-3.072951e-02
3.980000e-03,-1.253332e-01,-1.541458e-01,-2.881259e-05,2.881259e-05,-3.079591e-02
3.990000e-03,-6.279052e-02,-1.535480e-01,-9.075745e-05,9.075745e-05,-3.073841e-02
4.000000e-03,-9.853229e-16,-1.523325e-01,-1.523325e-04,1.523325e-04,-3.055726e-02
4.010000e-03,6.279052e-02,-1.505044e-01,-2.132949e-04,2.132949e-04,-3.025321e-02
4.020000e-03,1.253332e-01,-1.480709e-01,-2.734041e-04,2.734041e-04,-2.982747e-02
4.030000e-03,1.873813e-01,-1.450418e-01,-3.324231e-04,3.324231e-04,-2.928175e-02
4.040000e-03,2.486899e-01,-1.414290e-01,-3.901189e-04,3.901189e-04,-2.861823e-02
4.050000e-03,3.090170e-01,-1.372471e-01,-4.462641e-04,4.462641e-04,-2.783954e-02
4.060000e-03,3.681246e-01,-1.325126e-01,-5.006372e-04,5.006372e-04,-2.694879e-02
4.070000e-03,4.257793e-01,-1.272443e-01,-5.530236e-04,5.530236e-04,-2.594950e-02
4.080000e-03,4.817537e-01,-1.214631e-01,-6.032168e-04,6.032168e-04,-2.484565e-02
4.090000e-03,5.358268e-01,-1.151919e-01,-6.510187e-04,6.510187e-04,-2.364160e-02
4.100000e-03,5.877853e-01,-1.084556e-01,-6.962409e-04,6.962409e-04,-2.234215e-02
4.110000e-03,6.374240e-01,-1.012809e-01,-7.387049e-04,7.387049e-04,-2.095242e-02
4.120000e-03,6.845471e-01,-9.369617e-02,-7.782433e-04,7.782433e-04,-1.947794e-02
4.130000e-03,7.289686e-01,-8.573145e-02,-8.147001e-04,8.147001e-04,-1.792453e-02
4.140000e-03,7.705132e-01,-7.741830e-02,-8.479315e-04,8.479315e-04,-1.629836e-02
4.150000e-03,8.090170e-01,-6.878961e-02,-8.778066e-04,8.778066e-04,-1.460585e-02
4.160000e-03,8.443279e-01,-5.987953e-02,-9.042075e-04,9.042075e-04,-1.285371e-02
4.170000e-03,8.763067e-01,-5.072335e-02,-9.270300e-04,9.270300e-04,-1.104888e-02
4.180000e-03,9.048271e-01,-4.135728e-02,-9.461843e-04,9.461843e-04,-9.198485e-03
4.190000e-03,9.297765e-01,-3.181838e-02,-9.615949e-04,9.615949e-04,-7.309860e-03
4.200000e-03,9.510565e-01,-2.214440e-02,-9.732009e-04,9.732009e-04,-5.390475e-03
4.210000e-03,9.685832e-01,-1.237361e-02,-9.809568e-04,9.809568e-04,-3.447923e-03
4.220000e-03,9.822873e-01,-2.544669e-03,-9.848319e-04,9.848319e-04,-1.489891e-03
4.230000e-03,9.921147e-01,7.303547e-03,-9.848112e-04,9.848112e-04,4.758774e-04
4.240000e-03,9.980267e-01,1.713208e-02,-9.808947e-04,9.808947e-04,2.441604e-03
4.250000e-03,1.000000e+00,2.690204e-02,-9.730980e-04,9.730980e-04,4.399513e-03
4.260000e-03,9.980267e-01,3.657479e-02,-9.614519e-04,9.614519e-04,6.341860e-03
4.270000e-03,9.921147e-01,4.611206e-02,-9.460026e-04,9.460026e-04,8.260960e-03
4.280000e-03,9.822873e-01,5.547613e-02,-9.268111e-04,9.268111e-04,1.014922e-02
4.290000e-03,9.685832e-01,6.462995e-02,-9.039532e-04,9.039532e-04,1.199918e-02
4.300000e-03,9.510565e-01,7.353731e-02,-8.775192e-04,8.775192e-04,1.380351e-02
4.310000e-03,9.297765e-01,8.216298e-02,-8.476135e-04,8.476135e-04,1.555508e-02
4.320000e-03,9.048271e-01,9.047282e-02,-8.143542e-04,8.143542e-04,1.724695e-02
4.330000e-03,8.763067e-01,9.843395e-02,-7.778727e-04,7.778727e-04,1.887244e-02
4.340000e-03,8.443279e-01,1.060149e-01,-7.383130e-04,7.383130e-04,2.042510e-02
4.350000e-03,8.090170e-01,1.131856e-01,-6.958314e-04,6.958314e-04,2.189881e-02
4.360000e-03,7.705132e-01,1.199177e-01,-6.505955e-04,6.505955e-04,2.328772e-02
4.370000e-03,7.289686e-01,1.261846e-01,-6.027840e-04,6.027840e-04,2.458633e-02
4.380000e-03,6.845471e-01,1.319615e-01,-5.525856e-04,5.525856e-04,2.578951e-02
4.390000e-03,6.374240e-01,1.372254e-01,-5.001986e-04,5.001986e-04,2.689249e-02
4.400000e-03,5.877853e-01,1.419555e-01,-4.458297e-04,4.458297e-04,2.789091e-02
4.410000e-03,5.358268e-01,1.461332e-01,-3.896936e-04,3.896936e-04,2.878080e-02
4.420000e-03,4.817537e-01,1.497417e-01,-3.320120e-04,3.320120e-04,2.955864e-02
4.430000e-03,4.257793e-01,1.527668e-01,-2.730125e-04,2.730125e-04,3.022135e-02
4.440000e-03,3.681246e-01,1.551965e-01,-2.129280e-04,2.129280e-04,3.076629e-02
4.450000e-03,3.090170e-01,1.570211e-01,-1.519959e-04,1.519959e-04,3.119130e-02
4.460000e-03,2.486899e-01,1.582334e-01,-9.045649e-05,9.045649e-05,3.149468e-02
4.470000e-03,1.873813e-01,1.588284e-01,-2.855287e-05,2.855287e-05,3.167523e-02
4.480000e-03,1.253332e-01,1.588039e-01,3.347062e-05,-3.347062e-05,3.173222e-02
4.490000e-03,6.279052e-02,1.581597e-01,9.536914e-05,-9.536914e-05,3.166540e-02
4.500000e-03,1.096345e-15,1.568983e-01,1.568983e-04,-1.568983e-04,3.147503e-02
4.510000e-03,-6.279052e-02,1.550247e-01,2.178153e-04,-2.178153e-04,3.116185e-02
4.520000e-03,-1.253332e-01,1.525463e-01,2.778795e-04,-2.778795e-04,3.072707e-02
4.530000e-03,-1.873813e-01,1.494726e-01,3.368539e-04,-3.368539e-04,3.017240e-02
4.540000e-03,-2.486899e-01,1.458158e-01,3.945057e-04,-3.945057e-04,2.950002e-02
4.550000e-03,-3.090170e-01,1.415902e-01,4.506072e-04,-4.506072e-04,2.871255e-02
4.560000e-03,-3.681246e-01,1.368125e-01,5.049371e-04,-5.049371e-04,2.781311e-02
4.570000e-03,-4.257793e-01,1.315014e-01,5.572807e-04,-5.572807e-04,2.680522e-02
4.580000e-03,-4.817537e-01,1.256779e-01,6.074315e-04,-6.074315e-04,2.569286e-02
4.590000e-03,-5.358268e-01,1.193648e-01,6.551916e-04,-6.551916e-04,2.448038e-02
4.600000e-03,-5.877853e-01,1.125869e-01,7.003722e-04,-7.003722e-04,2.317258e-02
4.610000e-03,-6.374240e-01,1.053711e-01,7.427951e-04,-7.427951e-04,2.177459e-02
4.620000e-03,-6.845471e-01,9.774566e-02,7.822928e-04,-7.822928e-04,2.029193e-02
4.630000e-03,-7.289686e-01,8.974065e-02,8.187093e-04,-8.187093e-04,1.873042e-02
4.640000e-03,-7.705132e-01,8.138760e-02,8.519008e-04,-8.519008e-04,1.709623e-02
4.650000e-03,-8.090170e-01,7.271942e-02,8.817364e-04,-8.817364e-04,1.539578e-02
4.660000e-03,-8.443279e-01,6.377024e-02,9.080982e-04,-9.080982e-04,1.363579e-02
4.670000e-03,-8.763067e-01,5.457534e-02,9.308820e-04,-9.308820e-04,1.182317e-02
4.680000e-03,-9.048271e-01,4.517094e-02,9.499980e-04,-9.499980e-04,9.965071e-03
4.690000e-03,-9.297765e-01,3.559410e-02,9.653706e-04,-9.653706e-04,8.068818e-03
4.700000e-03,-9.510565e-01,2.588255e-02,9.769391e-04,-9.769391e-04,6.141881e-03
4.710000e-03,-9.685832e-01,1.607457e-02,9.846577e-04,-9.846577e-04,4.191853e-03
4.720000e-03,-9.822873e-01,6.208799e-03,9.884960e-04,-9.884960e-04,2.226417e-03
4.730000e-03,-9.921147e-01,-3.675876e-03,9.884388e-04,-9.884388e-04,2.533209e-04
4.740000e-03,-9.980267e-01,-1.354050e-02,9.844862e-04,-9.844862e-04,-1.719661e-03
4.750000e-03,-1.000000e+00,-2.334620e-02,9.766538e-04,-9.766538e-04,-3.684754e-03
4.760000e-03,-9.980267e-01,-3.305433e-02,9.649724e-04,-9.649724e-04,-5.634213e-03
4.770000e-03,-9.921147e-01,-4.262663e-02,9.494881e-04,-9.494881e-04,-7.560355e-03
4.780000e-03,-9.822873e-01,-5.202538e-02,9.302619e-04,-9.302619e-04,-9.455589e-03
4.790000e-03,-9.685832e-01,-6.121354e-02,9.073696e-04,-9.073696e-04,-1.131245e-02
4.800000e-03,-9.510565e-01,-7.015490e-02,8.809016e-04,-8.809016e-04,-1.312361e-02
4.810000e-03,-9.297765e-01,-7.881422e-02,8.509623e-04,-8.509623e-04,-1.488194e-02
4.820000e-03,-9.048271e-01,-8.715738e-02,8.176697e-04,-8.176697e-04,-1.658051e-02
4.830000e-03,-8.763067e-01,-9.515150e-02,7.811552e-04,-7.811552e-04,-1.821263e-02
4.840000e-03,-8.443279e-01,-1.027651e-01,7.415628e-04,-7.415628e-04,-1.977186e-02
4.850000e-03,-8.090170e-01,-1.099681e-01,6.990488e-04,-6.990488e-04,-2.125207e-02
4.860000e-03,-7.705132e-01,-1.167323e-01,6.537809e-04,-6.537809e-04,-2.264741e-02
4.870000e-03,-7.289686e-01,-1.230309e-01,6.059377e-04,-6.059377e-04,-2.395240e-02
4.880000e-03,-6.845471e-01,-1.288391e-01,5.557080e-04,-5.557080e-04,-2.516189e-02
4.890000e-03,-6.374240e-01,-1.341341e-01,5.032899e-04,-5.032899e-04,-2.627111e-02
4.900000e-03,-5.877853e-01,-1.388950e-01,4.488902e-04,-4.488902e-04,-2.727571e-02
4.910000e-03,-5.358268e-01,-1.431031e-01,3.927237e-04,-3.927237e-04,-2.817173e-02
4.920000e-03,-4.817537e-01,-1.467418e-01,3.350119e-04,-3.350119e-04,-2.895563e-02
4.930000e-03,-4.257793e-01,-1.497967e-01,2.759826e-04,-2.759826e-04,-2.962433e-02
4.940000e-03,-3.681246e-01,-1.522560e-01,2.158686e-04,-2.158686e-04,-3.017521e-02
4.950000e-03,-3.090170e-01,-1.541099e-01,1.549071e-04,-1.549071e-04,-3.060610e-02
4.960000e-03,-2.486899e-01,-1.553511e-01,9.333879e-05,-9.333879e-05,-3.091531e-02
4.970000e-03,-1.873813e-01,-1.559748e-01,3.140649e-05,-3.140649e-05,-3.110163e-02
4.980000e-03,-1.253332e-01,-1.559786e-01,-3.064539e-05,3.064539e-05,-3.116432e-02
4.990000e-03,-6.279052e-02,-1.553625e-01,-9.257202e-05,9.257202e-05,-3.110315e-02
5.000000e-03,-1.221245e-15,-1.541290e-01,-1.541290e-04,1.541290e-04,-3.091838e-02
